Raw-data,,,,,,,,,,,,,,,,,,,,,,,,,,,,,,,,,,,,,,,,,,,,,,,,,,,,,,,,
,450mm,Frame,,,,,Battery,,,,,Porp,,,,,ESC,,,,Compute,,,,Weight,,,Motor Selection,,,,,,Power,,,,,,compute,,,, Flighttime (min) @ 85% charge,,,,,,,,,,,,
,Drone,Frame,w-Frame weight,Wheelbase,w-RC reciever,w-Battery,cell-battery,voltage,capacity battery,discharche,max A,w-prop,w-tele,w-misc,w-gps,w-ppm,w-esc,esc-A,w-motor,TWR,Compute,w-Compute ,compue pow,,w-total,thrust-needed,per-m-thrust,prop,prop-r,kv,max-thrust,max-draw,final-thurst,Avg 30% load,Avg 50% load,Avg 70% load,Avg 100%load,hover,Increase,%compute 30%,%compute 50%,%compute 70%,%compute 100%,0.3,0.5,0.7,1,,,Compute Min,Compute Max,0.3,,0.7,,weight
,Our 1s,Crazepony F450,272,450,15,23.85,1,3.7,1000,50,50,40,15,20,15,9,112,30,120,2,navio+rpi,73,7,,714.85,1429.7,357.425,10,12.7,935,670,16,2680,78.04,125.4,172.76,243.8,127.6372489,0,8.969759098,5.582137161,4.051863857,2.871205906,3.264287545,2.03145933,1.474560083,1.044893355,Our 1s,,3,20,3.844182471,25.62788314,1.647506773,10.98337849,714.85
,,Crazepony F450,272,450,15,42.85,1,3.7,2000,50,100,40,15,20,15,9,112,30,120,2,navio+rpi,73,7,,733.85,1467.7,366.925,10,12.7,935,670,18,2680,90.71434891,143.9943489,197.2743489,277.1943489,132.7596199,5.122371024,7.716530058,4.861301887,3.548357928,2.525304007,5.616421284,3.538263855,2.582646973,1.838024484,,,3,20,3.30708431,22.04722874,1.417321847,9.448812316,733.85
,,Crazepony F450,272,450,15,61.85,1,3.7,3000,50,150,40,15,20,15,9,112,30,120,2,navio+rpi,73,7,,752.85,1505.7,376.425,10,12.7,935,670,19,2680,98.99814075,155.2381408,211.4781408,295.8381408,137.9487389,10.31149002,7.070839863,4.509201132,3.310034775,2.366158732,7.719690432,4.922984753,3.613777752,2.583287598,,,3,20,3.030359941,20.20239961,1.298725689,8.658171261,752.85
,,Crazepony F450,272,450,15,80.85,1,3.7,4000,50,200,40,15,20,15,9,112,30,160,2,navio+rpi,73,7,,811.85,1623.7,405.925,10,12.7,935,833,20,3332,115.682593,174.882593,234.082593,322.882593,154.4787495,26.84150056,6.051040021,4.00268539,2.990397496,2.167970696,8.808412515,5.826651941,4.353078915,3.155883972,,,3,20,2.593302866,17.28868577,1.111415514,7.40943676,811.85
,,Crazepony F450,272,450,15,99.85,1,3.7,5000,50,250,40,15,20,15,9,112,30,160,2,navio+rpi,73,7,,830.85,1661.7,415.425,10,12.7,935,833,21,3332,124.1630255,186.3230255,248.4830255,341.7230255,159.9333333,32.29608441,5.637749219,3.756916238,2.817093838,2.048442592,10.25848875,6.836111622,5.12600407,3.727360772,,,3,20,2.416178237,16.10785491,1.035504959,6.903366391,830.85
,,Crazepony F450,272,450,15,118.85,1,3.7,6000,50,300,40,15,20,15,9,112,30,160,2,navio+rpi,73,7,,849.85,1699.7,424.925,10,12.7,935,833,23,3332,137.1299248,205.2099248,273.2899248,375.4099248,165.4506473,37.81339842,5.104648028,3.411141059,2.561382388,1.86462838,11.14614482,7.448323963,5.592851626,4.071469344,,,3,20,2.187706298,14.58470865,0.937588413,6.250589422,849.85
,,Crazepony F450,272,450,15,137.85,1,3.7,7000,50,350,40,15,20,15,9,112,30,180,2,navio+rpi,73,7,,888.85,1777.7,444.425,10,12.7,935,833,25,3332,154.5422102,228.5422102,302.5422102,413.5422102,176.9692326,49.33198372,4.529506853,3.062891531,2.313726735,1.692692989,11.53869223,7.802563031,5.89410317,4.312050756,,,3,20,1.941217223,12.94144815,0.831950238,5.546334922,888.85
,,Crazepony F450,272,450,15,156.85,1,3.7,8000,50,400,40,15,20,15,9,112,30,180,2,navio+rpi,73,7,,907.85,1815.7,453.925,10,12.7,935,833,29,3332,176.5277958,262.3677958,348.2077958,476.9677958,182.6737732,55.03652431,3.965381185,2.66801037,2.010293878,1.467604325,11.54469748,7.767569163,5.852712158,4.2727413,,,3,20,1.699449079,11.32966053,0.72833532,4.855568798,907.85
,Our 3s,Crazepony F448,272,450,15,90.935,3,11.1,1000,48,48,40,15,20,15,9,112,30,220,2,navio+rpi,73,7,,881.935,1763.87,440.9675,10,12.7,935,670,7.5,2680,106.9,173.5,240.1,340,174.908099,0,6.548175865,4.034582133,2.915451895,2.058823529,7.149064546,4.40481268,3.182986256,2.24775,Our 3s,,3,20,2.806361085,18.7090739,1.202726179,8.018174529,881.935
,,Crazepony F449,272,450,15,164.935,3,11.1,2000,49,98,40,15,20,15,9,112,30,220,2,navio+rpi,73,7,,955.935,1911.87,477.9675,10,12.7,935,670,8.5,2680,136.8639849,212.3439849,287.8239849,401.0439849,197.3774786,22.46937961,5.114566849,3.296537928,2.432041931,1.745444456,11.16780285,7.198084753,5.310433043,3.811227839,,,3,20,2.191957221,14.61304814,0.939410238,6.262734917,955.935
,,Crazepony F450,272,450,15,284,3,11.1,3000,50,150,40,15,20,15,9,112,30,220,2,navio+rpi,73,7,,1075,2150,537.5,10,12.7,935,670,12,2680,211.6332742,318.1932742,424.7532742,584.5932742,235.3790192,60.47092021,3.307608421,2.199920792,1.648015548,1.197413708,10.83338624,7.205384858,5.397733553,3.921880564,,,3,20,1.417546466,9.450309774,0.607519914,4.05013276,1075
,,Crazepony F450,272,450,15,312.935,3,11.1,4000,50,200,40,15,20,15,9,112,30,220,2,navio+rpi,73,7,,1103.935,2207.87,551.9675,10,12.7,935,670,13.7,2680,241.3639078,363.0199078,484.6759078,667.1599078,244.9459746,70.03787555,2.900185062,1.928268905,1.444264072,1.04922372,12.66527389,8.420860493,6.30718373,4.582019939,,,3,20,1.242936455,8.286243035,0.532687052,3.551247015,1103.935
,,Crazepony F450,272,450,15,386.935,3,11.1,5000,50,250,40,15,20,15,9,112,30,220,2,navio+rpi,73,7,,1177.935,2355.87,588.9675,10,12.7,935,670,14,2680,263.9061394,388.2261394,512.5461394,699.0261394,269.9833873,95.07528825,2.652458186,1.80307282,1.365730704,1.001393168,14.47929559,9.842652546,7.455280034,5.466426482,,,3,20,1.136767794,7.578451961,0.487186197,3.247907983,1177.935
,,Crazepony F450,272,450,15,460.935,3,11.1,6000,50,300,40,15,20,15,9,112,30,260,2,navio+rpi,73,7,,1291.935,2583.87,645.9675,10,12.7,935,833,15,3332,306.949703,440.149703,573.349703,773.149703,310.1101981,135.2020991,2.280503917,1.590367993,1.220895374,0.905387401,14.93863638,10.41784186,7.997579794,5.930817773,,,3,20,0.977358821,6.515725476,0.418868066,2.792453776,1291.935
,,Crazepony F450,272,450,15,534.935,3,11.1,7000,50,350,40,15,20,15,9,112,30,260,2,navio+rpi,73,7,,1365.935,2731.87,682.9675,10,12.7,935,833,18,3332,366.9259248,526.7659248,686.6059248,926.3659248,337.1320975,162.2239984,1.907742007,1.32886348,1.01950766,0.75564092,14.57963212,10.15563982,7.791434369,5.774872388,,,3,20,0.817603717,5.450691448,0.350401593,2.33601062,1365.935
,,Crazepony F450,272,450,15,608.935,3,11.1,8000,50,400,40,15,20,15,9,112,30,260,2,navio+rpi,73,7,,1439.935,2879.87,719.9675,10,12.7,935,833,21,3332,427.451954,613.931954,800.411954,1080.131954,364.896237,189.9881379,1.637610949,1.140191507,0.874549657,0.648068967,14.30308118,9.958562932,7.638416654,5.660308425,,,3,20,0.701833264,4.678888425,0.300785684,2.005237896,1439.935
,Our 6s,Crazepony F450,272,450,15,275.85,6,22.2,1000,50,50,40,15,20,15,9,112,30,220,2,navio+rpi,73,7,,1066.85,2133.7,533.425,10,12.7,935,670,7,2680,193.48,317.8,442.12,628.6,232.7073469,0,3.617945007,2.202643172,1.583280557,1.113585746,7.899886293,4.809534298,3.457138333,2.431546293,Our 6s,,3,20,1.55054786,10.33698573,0.664520512,4.430136744,1066.85
,,Crazepony F450,272,450,15,391.85,6,22.2,2000,50,100,40,15,20,15,9,112,30,220,2,navio+rpi,73,7,,1182.85,2365.7,591.425,10,12.7,935,670,8,2680,248.9848764,391.0648764,533.1448764,746.2648764,271.67493,38.96758308,2.811415738,1.789984328,1.312963945,0.938004752,12.27761318,7.816963846,5.733788573,4.096320351,,,3,20,1.204892459,8.032616395,0.516382483,3.442549884,1182.85
,,Crazepony F450,272,450,15,507.85,6,22.2,3000,50,150,40,15,20,15,9,112,30,220,2,navio+rpi,73,7,,1298.85,2597.7,649.425,10,12.7,935,670,9,2680,305.9421833,465.7821833,625.6221833,865.3821833,312.6032944,79.89594748,2.288014004,1.502848381,1.118886156,0.808891162,14.98783185,9.844537134,7.329359671,5.298710891,,,3,20,0.98057743,6.53718287,0.42024747,2.801649801,1298.85
,,Crazepony F450,272,450,15,623.85,6,22.2,4000,50,200,40,15,20,15,9,112,30,260,2,navio+rpi,73,7,,1454.85,2909.7,727.425,10,12.7,935,833,10,3332,375.528146,553.128146,730.728146,997.128146,370.580344,137.8729971,1.864041371,1.265529525,0.957948594,0.702016088,16.28075037,11.05327951,8.366832499,6.131488741,,,3,20,0.798874873,5.325832488,0.342374946,2.282499638,1454.85
,,Crazepony F450,272,450,15,739.85,6,22.2,5000,50,250,40,15,20,15,9,112,30,260,2,navio+rpi,73,7,,1570.85,3141.7,785.425,10,12.7,935,833,11,3332,435.6447859,631.0047859,826.3647859,1119.404786,415.773808,183.066461,1.606813676,1.109341824,0.84708353,0.625332327,17.54261785,12.11139784,9.248155451,6.827155017,,,3,20,0.688634433,4.590896218,0.295129043,1.96752695,1570.85
,,Crazepony F450,272,450,15,855.85,6,22.2,6000,50,300,40,15,20,15,9,112,30,260,2,navio+rpi,73,7,,1686.85,3373.7,843.425,10,12.7,935,833,12.5,3332,510.3414516,732.3414516,954.3414516,1287.341452,462.6683066,229.9609597,1.371630695,0.955838289,0.733490093,0.543756281,17.96996887,12.52260128,9.609579448,7.123844252,,,3,20,0.587841726,3.918944843,0.251932168,1.67954779,1686.85
,,Crazepony F451,272,450,15,971.85,6,22.2,7000,51,357,40,15,20,15,9,112,30,260,2,navio+rpi,73,7,,1802.85,3605.7,901.425,10,12.7,935,833,13.5,3332,572.9339919,812.6939919,1052.453992,1412.093992,511.204236,278.4968891,1.221781235,0.86133281,0.66511221,0.49571771,18.67455964,13.16521361,10.16604059,7.576896482,,,3,20,0.523620529,3.490803527,0.224408798,1.496058655,1802.85
,,Crazepony F452,272,450,15,1087.85,6,22.2,8000,52,416,40,15,20,15,9,112,30,260,2,navio+rpi,73,7,,1918.85,3837.7,959.425,10,12.7,935,833,16,3332,676.662597,960.822597,1244.982597,1671.222597,561.3278529,328.6205059,1.03448898,0.728542399,0.562256855,0.418855035,18.07068996,12.72634515,9.821631266,7.316655497,,,3,20,0.44335242,2.955682801,0.19000818,1.2667212,1918.85
,,,,,,,,,,,,,,,,,,,,,,,,,,,,,,,,,,,,,,,,,,,,,,,,,,,,,,,,
,,,,,,,,,,,,,,,,,,,,,,,,,,,,,,,,,,,,,,,,,,,,,,,,,,,,,,,,
,,,,,,,,,,,,,,,,,,,,,,,,,,,,,,,,,,,,,,,,,,,,,,,,,,,,,,,,
,,,,,,,,,,,,,,,,,,,,,,,,,,,,,,,,,,,,,,,,,,,,,,,,,,,,,,,,
,100mm,,,,,,,,,,,,,,,,,,,,,,,,,,,,,,,,,,,,,,,,,,,,,,,,,,,,,,,
,Drone,Frame,w-Frame weight,Wheelbase,w-RC reciever,w-Battery,cell-battery,voltage,capacity battery,discharche,max A,w-prop,w-tele,w-misc,w-gps,w-ppm,w-esc,esc-A,w-motor,TWR,Compute,w-Compute ,compue pow,,w-total,thrust-needed,per-m-thrust,prop,prop-r,kv,max-thrust,max-draw,final-thurst,Avg 30% load,Avg 50% load,Avg 70% load,Avg 100%load,hover,Increase,%compute 30%,%compute 50%,%compute 70%,%compute 100%,0.3,0.5,0.7,1,,,Compute Min,Compute Max,0.3,,0.7,,weight
,Our 1s,,60,100,15,23.85,1,3.7,1000,50,50,10,15,10,10,9,80,20,120,2,navio+rpi,20,4,,372.85,745.7,186.425,2,2.54,935,670,55,2680,62.05,411,573.8,818,240.3954691,0,6.446414182,0.97323601,0.697107006,0.488997555,3.04109589,0.459124088,0.32886023,0.230684597,Our 1s,,3,20,4.834810637,32.23207091,2.072061701,13.81374468,372.85
,,,60,100,15,42.85,1,3.7,2000,50,100,10,15,10,10,9,80,20,120,2,navio+rpi,20,4,,391.85,783.7,195.925,2,2.54,935,670,60,2680,72.25188854,466.6075542,644.2075542,910.6075542,259.0030233,18.60755415,5.53618747,0.857251445,0.620917897,0.439267166,5.223392878,0.808816738,0.585836036,0.414448571,,,3,20,4.152140602,27.68093735,1.77948883,11.86325886,391.85
,,,60,100,15,61.85,1,3.7,3000,50,150,10,15,10,10,9,80,20,120,2,navio+rpi,20,4,,410.85,821.7,205.425,2,2.54,935,670,70,2680,88.11796954,559.6718782,766.8718782,1077.671878,278.0673473,37.67187818,4.539369235,0.714704482,0.521599515,0.371170491,6.42434231,1.011485519,0.738193714,0.525299037,,,3,20,3.404526926,22.69684617,1.459082968,9.727219789,410.85
,,,60,100,15,80.85,1,3.7,4000,50,200,10,15,10,10,9,80,20,160,2,navio+rpi,20,4,,469.85,939.7,234.925,2,2.54,935,833,80,3332,114.7177679,695.6710716,932.4710716,1287.671072,340.0665408,99.67107162,3.486818191,0.57498438,0.428967731,0.310638337,6.579625927,1.084995526,0.809462109,0.586174541,,,3,20,2.615113644,17.43409096,1.12076299,7.471753267,469.85
,,,60,100,15,99.85,1,3.7,5000,50,250,10,15,10,10,9,80,20,160,2,navio+rpi,20,4,,488.85,977.7,244.425,2,2.54,935,833,90,3332,131.026466,790.5058639,1056.905864,1456.505864,360.901333,120.5058639,3.052818353,0.506005102,0.378463223,0.274629859,7.200835289,1.193539533,0.892700128,0.64778318,,,3,20,2.289613764,15.26409176,0.981263042,6.541753613,488.85
,,,60,100,15,118.85,1,3.7,6000,50,300,10,15,10,10,9,80,20,160,2,navio+rpi,20,4,,507.85,1015.7,253.925,2,2.54,935,833,100,3332,147.437396,885.749584,1181.749584,1625.749584,382.1450532,141.749584,2.713015902,0.451594906,0.338481185,0.246040352,7.679191512,1.278239381,0.958070995,0.696417216,,,3,20,2.034761927,13.56507951,0.872040826,5.813605505,507.85
,,,60,100,15,137.85,1,3.7,7000,50,350,10,15,10,10,9,80,20,180,2,navio+rpi,20,4,,546.85,1093.7,273.425,2,2.54,935,833,120,3332,180.8510114,1078.604046,1433.804046,1966.604046,426.9995148,186.6040457,2.211765347,0.370849712,0.27897815,0.203396307,7.303802116,1.224638462,0.921255596,0.671665454,,,3,20,1.65882401,11.05882673,0.710924576,4.739497172,546.85
,,,60,100,15,156.85,1,3.7,8000,50,400,10,15,10,10,9,80,20,180,2,navio+rpi,20,4,,565.85,1131.7,282.925,2,2.54,935,833,140,3332,208.6625079,1249.050032,1663.450032,2285.050032,449.4455008,209.0500316,1.916971113,0.320243377,0.240464091,0.175050872,7.23464898,1.208598504,0.90751148,0.66064199,,,3,20,1.437728335,9.584855564,0.616169286,4.107795242,565.85
,Our 3s,,60,100,15,90.935,3,11.1,1000,50,50,10,15,10,10,9,80,20,220,2,navio+rpi,20,4,,539.935,1079.87,269.9675,2,2.54,935,670,6,2680,52.8696,137.2,190.48,270.4,418.9259639,0,7.565784496,2.915451895,2.099958001,1.479289941,10.70747651,4.126093294,2.971965561,2.093565089,Our 3s,,3,20,5.674338372,37.82892248,2.431859302,16.21239535,539.935
,,,60,100,15,164.935,3,11.1,2000,50,100,10,15,10,10,9,80,20,220,2,navio+rpi,20,4,,613.935,1227.87,306.9675,2,2.54,935,670,9,2680,53.22240717,292.8096287,372.7296287,492.6096287,507.9355926,89.00962869,7.515631503,1.366075295,1.073163948,0.812001992,21.27299497,3.866676124,3.037590556,2.29837164,,,3,20,5.636723627,37.57815751,2.415738697,16.10492465,613.935
,,,60,100,15,284,3,11.1,3000,50,150,10,15,10,10,9,80,20,220,2,navio+rpi,20,4,,733,1466,366.5,2,2.54,935,670,13,2680,105.2197947,536.3191788,651.7591788,824.9191788,662.6451427,243.7191788,3.801566057,0.745824531,0.613723616,0.484895988,16.14049909,3.166584503,2.605717043,2.05874714,,,3,20,2.851174543,19.00783028,1.221931947,8.146212979,733
,,,60,100,15,312.935,3,11.1,4000,50,200,10,15,10,10,9,80,20,220,2,navio+rpi,20,4,,761.935,1523.87,380.9675,2,2.54,935,670,15,2680,121.7851302,620.3405206,753.5405206,953.3405206,702.2664846,283.3405206,3.284473231,0.644807145,0.530827459,0.419577256,18.59340296,3.650253247,3.005014247,2.375226848,,,3,20,2.463354924,16.42236616,1.055723539,7.038156924,761.935
,,,60,100,15,386.935,3,11.1,5000,50,250,10,15,10,10,9,80,20,220,2,navio+rpi,20,4,,835.935,1671.87,417.9675,2,2.54,935,670,19,2680,161.2932874,813.8931496,982.6131496,1235.69315,807.0191135,388.0931496,2.479954414,0.491465004,0.407077801,0.323704959,17.54877742,3.477729234,2.880584288,2.290617214,,,3,20,1.85996581,12.39977207,0.797128204,5.31418803,835.935
,,,60,100,15,460.935,3,11.1,6000,50,300,10,15,10,10,9,80,20,260,2,navio+rpi,20,4,,949.935,1899.87,474.9675,2,2.54,935,833,25,3332,223.9211529,1117.684612,1339.684612,1672.684612,977.6105755,558.6846115,1.786343071,0.357882712,0.298577737,0.239136534,15.16873219,3.038961049,2.535372856,2.030627876,,,3,20,1.339757304,8.931715357,0.574181702,3.82787801,949.935
,,,60,100,15,534.935,3,11.1,7000,50,350,10,15,10,10,9,80,20,260,2,navio+rpi,20,4,,1023.935,2047.87,511.9675,2,2.54,935,833,28,3332,263.0187851,1300.71514,1549.35514,1922.31514,1094.041104,675.1151405,1.520803922,0.307523137,0.258171926,0.208082427,15.06622426,3.046554835,2.557644724,2.061420584,,,3,20,1.140602942,7.604019611,0.488829832,3.258865547,1023.935
,,,60,100,15,608.935,3,11.1,8000,50,400,10,15,10,10,9,80,20,260,2,navio+rpi,20,4,,1097.935,2195.87,548.9675,2,2.54,935,833,32,3332,306.5181724,1510.23269,1794.39269,2220.63269,1214.758654,795.8326896,1.304979724,0.264859848,0.222916646,0.180128844,14.77498043,2.998743194,2.523862266,2.039418775,,,3,20,0.978734793,6.52489862,0.419457768,2.796385123,1097.935
,Our 6s,,60,100,15,275.85,6,22.2,1000,50,50,10,15,10,10,9,80,20,220,2,navio+rpi,20,4,,724.85,1449.7,362.425,2,2.54,935,670,14,2680,94.24,625.6,874.24,1247.2,651.6243005,0,4.244482173,0.639386189,0.457540264,0.320718409,12.01400679,1.809782609,1.295067716,0.907793457,Our 6s,,3,20,3.18336163,21.22241087,1.364297841,9.095318943,724.85
,,,60,100,15,391.85,6,22.2,2000,50,100,10,15,10,10,9,80,20,220,2,navio+rpi,20,4,,840.85,1681.7,420.425,2,2.54,935,670,25,2680,133.2036387,1276.522742,1720.522742,2386.522742,814.1470427,162.5227421,3.00292097,0.313351252,0.232487482,0.167607873,16.99953561,1.77388144,1.316111635,0.948828167,,,3,20,2.252190727,15.01460485,0.965224597,6.434830649,840.85
,,,60,100,15,507.85,6,22.2,3000,50,150,10,15,10,10,9,80,20,220,2,navio+rpi,20,4,,956.85,1913.7,478.425,2,2.54,935,670,9,2680,145.110093,740.2803721,900.1203721,1139.880372,988.3046727,336.6803721,2.756527762,0.540335817,0.444385009,0.350914017,23.40705549,4.588261594,3.773495307,2.979786373,,,3,20,2.067395822,13.78263881,0.886026781,5.906845204,956.85
,,,60,100,15,623.85,6,22.2,4000,50,200,10,15,10,10,9,80,20,260,2,navio+rpi,20,4,,1112.85,2225.7,556.425,2,2.54,935,833,10,3332,214.5928078,1035.971231,1213.571231,1479.971231,1239.595532,587.9712312,1.863995369,0.386111108,0.329605704,0.270275524,21.10415557,4.371549966,3.731795781,3.060059483,,,3,20,1.397996527,9.319976846,0.599141369,3.994275791,1112.85
,,,60,100,15,739.85,6,22.2,5000,50,250,10,15,10,10,9,80,20,260,2,navio+rpi,20,4,,1228.85,2457.7,614.425,2,2.54,935,833,11,3332,270.9487028,1279.154811,1474.514811,1767.554811,1438.379112,786.7548113,1.476294206,0.312706481,0.271275674,0.226301327,20.89325374,4.425578476,3.839228983,3.202729536,,,3,20,1.107220654,7.381471028,0.474523138,3.163487583,1228.85
,,,60,100,15,855.85,6,22.2,6000,50,300,10,15,10,10,9,80,20,260,2,navio+rpi,20,4,,1344.85,2689.7,672.425,2,2.54,935,833,12.5,3332,333.0391561,1554.156625,1776.156625,2109.156625,1646.780925,995.1566246,1.201059973,0.257374317,0.225205364,0.189649263,20.39760153,4.370988028,3.824662705,3.220813438,,,3,20,0.90079498,6.005299867,0.386054991,2.573699943,1344.85
,,,60,100,15,971.85,6,22.2,7000,50,350,10,15,10,10,9,80,20,260,2,navio+rpi,20,4,,1460.85,2921.7,730.425,2,2.54,935,833,13.5,3332,394.0979148,1816.151659,2055.911659,2415.551659,1864.37596,1212.751659,1.01497619,0.220245924,0.194560889,0.165593643,20.11023074,4.363842612,3.854932173,3.280989653,,,3,20,0.761232142,5.07488095,0.326242347,2.174948979,1460.85
,,,60,100,15,1087.85,6,22.2,8000,50,400,10,15,10,10,9,80,20,260,2,navio+rpi,20,4,,1576.85,3153.7,788.425,2,2.54,935,833,40,3332,526.8410156,3219.166741,3929.566741,4995.166741,2090.791041,1439.166741,0.75924233,0.124255757,0.101792392,0.080077407,17.19228331,2.813647359,2.304986936,1.813272803,,,3,20,0.569431747,3.796211648,0.244042177,1.626947849,1576.85
,,,,,,,,,,,,,,,,,,,,,,,,,,,,,,,,,,,,,,,,,,,,,,,,,,,,,,,,
,,,,,,,,,,,,,,,,,,,,,,,,,,,,,,,,,,,,,,,,,,,,,,,,,,,,,,,,
,,,,,,,,,,,,,,,,,,,,,,,,,,,,,,,,,,,,,,,,,,,,,,,,,,,,,,,,
,,,,,,,,,,,,,,,,,,,,,,,,,,,,,,,,,,,,,,,,,,,,,,,,,,,,,,,,
,800,,,,,,,,,,,,,,,,,,,,,,,,,,,,,,,,,,,,,,,,,,,,,,,,,,,,,,,
,Drone,Frame,w-Frame weight,Wheelbase,w-RC reciever,w-Battery,cell-battery,voltage,capacity battery,discharche,max A,w-prop,w-tele,w-misc,w-gps,w-ppm,w-esc,esc-A,w-motor,TWR,Compute,w-Compute ,compue pow,,w-total,thrust-needed,per-m-thrust,prop,prop-r,kv,max-thrust,max-draw,final-thurst,Avg 30% load,Avg 50% load,Avg 70% load,Avg 100%load,hover,Increase,%compute 30%,%compute 50%,%compute 70%,%compute 100%,0.3,0.5,0.7,1,,,Compute Min,Compute Max,0.3,,0.7,,weight
,Our 1s,,820,800,15,23.85,1,3.7,1000,50,50,40,15,30,10,9,180,40,200,2,navio+rpi,20,4,,1362.85,2725.7,681.425,2,2.54,935,670,20,2680,69.6,152,211.2,300,1679.95305,0,5.747126437,2.631578947,1.893939394,1.333333333,2.711206897,1.241447368,0.893465909,0.629,Our 1s,,3,20,4.310344828,28.73563218,1.84729064,12.31527094,1362.85
,,,820,800,15,42.85,1,3.7,2000,50,100,40,15,30,10,9,180,40,200,2,navio+rpi,20,4,,1381.85,2763.7,690.925,2,2.54,935,670,23,2680,79.59,209.4534393,277.5334393,379.6534393,1715.20649,35.25343932,5.025757005,1.909732308,1.441267766,1.053592457,4.741801734,1.801832432,1.359836137,0.994064483,,,3,20,3.769317753,25.12878502,1.615421894,10.7694793,1381.85
,,,820,800,15,61.85,1,3.7,3000,50,150,40,15,30,10,9,180,40,200,2,navio+rpi,20,4,,1400.85,2801.7,700.425,2,2.54,935,670,25,2680,86.25,259.7500812,333.7500812,444.7500812,1750.703132,70.75008123,4.637681159,1.539941771,1.198501581,0.899381511,6.563478261,2.179402591,1.696179362,1.272849683,,,3,20,3.47826087,23.1884058,1.49068323,9.937888199,1400.85
,,,820,800,15,80.85,1,3.7,4000,50,200,40,15,30,10,9,180,40,200,2,navio+rpi,20,4,,1419.85,2839.7,709.925,2,2.54,935,833,27,3332,92.91,310.2882707,390.2082707,510.0882707,1786.441321,106.4882707,4.305241632,1.289123817,1.025093597,0.784178,8.123990959,2.432576643,1.934351618,1.479743886,,,3,20,3.228931224,21.52620816,1.383827667,9.225517782,1419.85
,,,820,800,15,99.85,1,3.7,5000,50,250,40,15,30,10,9,180,40,300,2,navio+rpi,20,4,,1538.85,3077.7,769.425,2,2.54,935,833,30,3332,102.9,561.7172194,650.5172194,783.7172194,2015.67027,335.7172194,3.887269193,0.712102079,0.61489533,0.510388173,9.16909621,1.67967078,1.450384358,1.203878104,,,3,20,2.915451895,19.43634597,1.249479384,8.329862557,1538.85
,,,820,800,15,118.85,1,3.7,6000,50,300,40,15,30,10,9,180,40,300,2,navio+rpi,20,4,,1557.85,3115.7,778.925,2,2.54,935,833,32,3332,109.56,613.9630791,708.6830791,850.7630791,2053.116129,373.1630791,3.650967506,0.651504974,0.564427192,0.470166148,10.33406353,1.84408483,1.597611166,1.330805283,,,3,20,2.73822563,18.25483753,1.17352527,7.823501799,1557.85
,,,820,800,15,137.85,1,3.7,7000,50,350,40,15,30,10,9,180,40,300,2,navio+rpi,20,4,,1576.85,3153.7,788.425,2,2.54,935,833,34,3332,116.22,666.437991,767.077991,918.037991,2090.791041,410.837991,3.441748408,0.600205879,0.521459362,0.435711816,11.36551368,1.982029863,1.721989179,1.438829344,,,3,20,2.581311306,17.20874204,1.106276274,7.37517516,1576.85
,,,820,800,15,156.85,1,3.7,8000,50,400,40,15,30,10,9,180,40,300,2,navio+rpi,20,4,,1595.85,3191.7,797.925,2,2.54,935,833,37,3332,126.21,726.5405711,836.0605711,1000.340571,2128.693621,448.7405711,3.169320973,0.550554251,0.478434235,0.399863818,11.96101735,2.077791743,1.805610804,1.509086049,,,3,20,2.37699073,15.84660486,1.018710313,6.791402085,1595.85
,Our 3s,,820,800,15,90.935,3,11.1,1000,50,50,40,15,30,10,9,180,40,300,2,navio+rpi,20,4,,1529.935,3059.87,764.9675,2,2.54,935,670,15,2680,152.85,337,470.2,670,1998.179628,0,2.616944717,1.18694362,0.850701829,0.597014925,3.703631011,1.679821958,1.203955764,0.844925373,Our 3s,,3,20,1.962708538,13.08472359,0.841160802,5.607738679,1529.935
,,,820,800,15,164.935,3,11.1,2000,50,100,40,15,30,10,9,180,40,400,2,navio+rpi,20,4,,1703.935,3407.87,851.9675,2,2.54,935,670,17,2680,172.83,731.7962311,882.7562311,1109.196231,2348.575859,350.3962311,2.314413007,0.546600246,0.453126227,0.360621492,6.550946016,1.547151997,1.282573784,1.020739134,,,3,20,1.735809755,11.57206504,0.743918467,4.959456444,1703.935
,,,820,800,15,284,3,11.1,3000,50,150,40,15,30,10,9,180,40,400,2,navio+rpi,20,4,,1823,3646,911.5,2,2.54,935,670,29,2680,195.14,1248.613073,1506.133073,1892.413073,2598.992701,600.8130733,2.049810393,0.320355448,0.265580782,0.211370343,8.702982474,1.360149142,1.127589607,0.897425633,,,3,20,1.537357794,10.24905196,0.658867626,4.392450841,1823
,,,820,800,15,312.935,3,11.1,4000,50,200,40,15,30,10,9,180,40,400,2,navio+rpi,20,4,,1851.935,3703.87,925.9675,2,2.54,935,670,21,2680,212.79,1133.135515,1319.615515,1599.335515,2661.115143,662.9355145,1.879787584,0.353002792,0.303118594,0.250103869,10.64147751,1.998348804,1.715954363,1.415838002,,,3,20,1.409840688,9.39893792,0.604217438,4.028116251,1851.935
,,,820,800,15,386.935,3,11.1,5000,50,250,40,15,30,10,9,180,40,400,2,navio+rpi,20,4,,1925.935,3851.87,962.9675,2,2.54,935,670,23,2680,232.77,1338.618474,1542.858474,1849.218474,2822.198102,824.0184736,1.718434506,0.298815538,0.259259036,0.216307595,12.16007217,2.114493454,1.834581751,1.530646617,,,3,20,1.28882588,8.592172531,0.552353948,3.682359656,1925.935
,,,820,800,15,460.935,3,11.1,6000,50,300,40,15,30,10,9,180,40,500,2,navio+rpi,20,4,,2099.935,4199.87,1049.9675,2,2.54,935,833,25,3332,252.75,1773.991345,1995.991345,2328.991345,3213.170973,1214.991345,1.582591494,0.225480243,0.200401671,0.171748169,13.43857567,1.914665485,1.701710786,1.45839958,,,3,20,1.18694362,7.912957468,0.508690123,3.391267486,2099.935
,,,820,800,15,534.935,3,11.1,7000,50,350,40,15,30,10,9,180,40,500,2,navio+rpi,20,4,,2173.935,4347.87,1086.9675,2,2.54,935,833,27,3332,272.73,1989.723259,2229.483259,2589.123259,3384.502887,1386.323259,1.466652,0.201032982,0.179413771,0.154492452,14.5297547,1.991583494,1.777407381,1.530518096,,,3,20,1.099989,7.333260001,0.471423857,3.142825715,2173.935
,,,820,800,15,608.935,3,11.1,8000,50,400,40,15,30,10,9,180,40,500,2,navio+rpi,20,4,,2247.935,4495.87,1123.9675,2,2.54,935,833,29,3332,292.71,2208.396599,2465.916599,2852.196599,3558.776227,1560.596599,1.366540262,0.181126886,0.162211488,0.140242787,15.47196884,2.050718608,1.836558463,1.587828834,,,3,20,1.024905196,6.832701308,0.439245084,2.928300561,2247.935
,Our 6s,,820,800,15,275.85,6,22.2,1000,50,50,40,15,30,10,9,180,40,500,2,navio+rpi,20,4,,1914.85,3829.7,957.425,2,2.54,935,670,7,2680,180.956,314.8,439.12,625.6,2797.867835,0,2.210482106,1.27064803,0.910912735,0.639386189,6.256769601,3.59656925,2.578338495,1.809782609,Our 6s,,3,20,1.65786158,11.05241053,0.710512106,4.73674737,1914.85
,,,820,800,15,391.85,6,22.2,2000,50,100,40,15,30,10,9,180,40,600,2,navio+rpi,20,4,,2130.85,4261.7,1065.425,2,2.54,935,670,8,2680,206.264,845.7195484,987.7995484,1200.919548,3284.387384,486.5195484,1.939262305,0.47297003,0.404940456,0.333078099,10.97816391,2.677483339,2.292367924,1.885555117,,,3,20,1.454446728,9.696311523,0.623334312,4.155562081,2130.85
,,,820,800,15,507.85,6,22.2,3000,50,150,40,15,30,10,9,180,40,600,2,navio+rpi,20,4,,2246.85,4493.7,1123.425,2,2.54,935,670,9,2680,231.572,1161.932157,1321.772157,1561.532157,3556.199992,758.3321567,1.727324547,0.344254178,0.302624017,0.25615867,14.66757639,2.923234356,2.569731843,2.175171344,,,3,20,1.29549341,8.636622735,0.555211462,3.701409744,2246.85
,,,820,800,15,623.85,6,22.2,4000,50,200,40,15,30,10,9,180,40,600,2,navio+rpi,20,4,,2362.85,4725.7,1181.425,2,2.54,935,833,10,3332,256.88,1485.255061,1662.855061,1929.255061,3835.122896,1037.255061,1.557147306,0.269314013,0.240550129,0.207333913,17.6300218,3.04917325,2.723508565,2.347434558,,,3,20,1.16786048,7.785736531,0.500511634,3.336744227,2362.85
,,,820,800,15,739.85,6,22.2,5000,50,250,40,15,30,10,9,180,40,700,2,navio+rpi,20,4,,2578.85,5157.7,1289.425,2,2.54,935,833,11,3332,282.188,2067.378133,2262.738133,2555.778133,4372.845969,1574.978133,1.41749472,0.193481779,0.176776974,0.156508108,20.06109402,2.738250884,2.501836124,2.214980998,,,3,20,1.06312104,7.087473599,0.455623303,3.037488685,2578.85
,,,820,800,15,855.85,6,22.2,6000,50,300,40,15,30,10,9,180,40,700,2,navio+rpi,20,4,,2694.85,5389.7,1347.425,2,2.54,935,833,12.5,3332,320.15,2432.315919,2654.315919,2987.315919,4671.183754,1873.315919,1.249414337,0.164452322,0.150697962,0.133899464,21.21880369,2.79289378,2.559303492,2.274014595,,,3,20,0.937060753,6.247071685,0.401597465,2.677316436,2694.85
,,,820,800,15,971.85,6,22.2,7000,50,350,40,15,30,10,9,180,40,800,2,navio+rpi,20,4,,2910.85,5821.7,1455.425,2,2.54,935,833,13.5,3332,345.458,3049.436935,3289.196935,3648.836935,5243.90477,2446.036935,1.157883158,0.131171757,0.121610231,0.109623973,22.94171795,2.598971603,2.409524318,2.17203458,,,3,20,0.868412369,5.78941579,0.372176729,2.481178196,2910.85